{
    "datasets": [
      { "title" : "sine",
        "x": [0, 0.1, 0.2, 0.3, 0.4, 0.5, 0.6, 0.7, 0.8, 0.9, 1],
        "y": [0, 0.587785252, 0.951056516, 0.951056516, 0.587785252, 1.22515E-16, -0.587785252, -0.951056516, -0.951056516, -0.587785252, -1.13321E-15],
        "id": 1
      }
    ]
}